examURL,course,exam
http://www.math.ubc.ca/Ugrad/pastExams/Files/100+180_2010WT1.pdf,MATH100,December_2010
http://www.math.ubc.ca/Ugrad/pastExams/Files/100+180_2011WT1.pdf,MATH100,December_2011
http://www.math.ubc.ca/Ugrad/pastExams/Files/100+180_2012WT1.pdf,MATH100,December_2012
http://www.math.ubc.ca/Ugrad/pastExams/Files/100+180_2013WT1_NEEDSDRAWNFIGURE.pdf,MATH100,December_2013
http://www.math.ubc.ca/Ugrad/pastExams/Files/100+180_2014WT1.pdf,MATH100,December_2014
http://www.math.ubc.ca/Ugrad/pastExams/Files/101_2004WT2.pdf,MATH101,April_2005
http://www.math.ubc.ca/Ugrad/pastExams/Files/101_2005WT2.pdf,MATH101,April_2006
http://www.math.ubc.ca/Ugrad/pastExams/Files/101_2006WT2.pdf,MATH101,April_2007
http://www.math.ubc.ca/Ugrad/pastExams/Files/101_2007WT2.pdf,MATH101,April_2008
http://www.math.ubc.ca/Ugrad/pastExams/Files/101_2008WT2.pdf,MATH101,April_2009
http://www.math.ubc.ca/Ugrad/pastExams/Files/101_2009WT2.pdf,MATH101,April_2010
http://www.math.ubc.ca/Ugrad/pastExams/Files/101_2010WT2.pdf,MATH101,April_2011
http://www.math.ubc.ca/Ugrad/pastExams/Files/101_2011WT2.pdf,MATH101,April_2012
http://www.math.ubc.ca/Ugrad/pastExams/Files/101_2012WT2.pdf,MATH101,April_2013
http://www.math.ubc.ca/Ugrad/pastExams/Files/101_2013WT2_needsdrawing.pdf,MATH101,April_2014
http://www.math.ubc.ca/Ugrad/pastExams/Files/102_2011WT1.pdf,MATH102,December_2011
http://www.math.ubc.ca/Ugrad/pastExams/Files/102_2012WT1.pdf,MATH102,December_2012
http://www.math.ubc.ca/Ugrad/pastExams/Files/102_2013WT1.pdf,MATH102,December_2013
http://www.math.ubc.ca/Ugrad/pastExams/Files/102_2014WT1.pdf,MATH102,December_2014
http://www.math.ubc.ca/Ugrad/pastExams/Files/103_2004WT2.pdf,MATH103,April_2005
http://www.math.ubc.ca/Ugrad/pastExams/Files/103_2005WT2.pdf,MATH103,April_2006
http://www.math.ubc.ca/Ugrad/pastExams/Files/103_2008WT2.pdf,MATH103,April_2009
http://www.math.ubc.ca/Ugrad/pastExams/Files/103_2009WT2.pdf,MATH103,April_2010
http://www.math.ubc.ca/Ugrad/pastExams/Files/103_2010WT2.pdf,MATH103,April_2011
http://www.math.ubc.ca/Ugrad/pastExams/Files/103_2011WT2.pdf,MATH103,April_2012
http://www.math.ubc.ca/Ugrad/pastExams/Files/103_2012WT2.pdf,MATH103,April_2013
http://www.math.ubc.ca/Ugrad/pastExams/Files/103_2013WT2.pdf,MATH103,April_2014
http://www.math.ubc.ca/Ugrad/pastExams/Files/104+184_2010WT1.pdf,MATH104,December_2010
http://www.math.ubc.ca/Ugrad/pastExams/Files/104+184_2011WT1.pdf,MATH104,December_2011
http://www.math.ubc.ca/Ugrad/pastExams/Files/104+184_2012WT1.pdf,MATH104,December_2012
http://www.math.ubc.ca/Ugrad/pastExams/Files/104+184_2013WT1.pdf,MATH104,December_2013
http://www.math.ubc.ca/Ugrad/pastExams/Files/104+184_2014WT1.pdf,MATH104,December_2014
http://www.math.ubc.ca/Ugrad/pastExams/Files/105_2008WT2.pdf,MATH105,April_2009
http://www.math.ubc.ca/Ugrad/pastExams/Files/105_2009WT2.pdf,MATH105,April_2010
http://www.math.ubc.ca/Ugrad/pastExams/Files/105_2010WT2.pdf,MATH105,April_2011
http://www.math.ubc.ca/Ugrad/pastExams/Files/105_2011WT2.pdf,MATH105,April_2012
http://www.math.ubc.ca/Ugrad/pastExams/Files/105_2012WT2.pdf,MATH105,April_2013
http://www.math.ubc.ca/Ugrad/pastExams/Files/105_2013WT2.pdf,MATH105,April_2014
http://www.math.ubc.ca/Ugrad/pastExams/Files/110_2010WT2.pdf,MATH110,April_2011
http://www.math.ubc.ca/Ugrad/pastExams/Files/110_2011WT2.pdf,MATH110,April_2012
http://www.math.ubc.ca/Ugrad/pastExams/Files/110_2012WT2.pdf,MATH110,April_2013
http://www.math.ubc.ca/Ugrad/pastExams/Files/110_2013WT2.pdf,MATH110,April_2014
http://www.math.ubc.ca/~fsl/MATH110(2010-2011).E1.pdf,MATH110,December_2010
http://www.math.ubc.ca/Ugrad/pastExams/Files/110_2011WT1.pdf,MATH110,December_2011
http://www.math.ubc.ca/Ugrad/pastExams/Files/110_2012WT1.pdf,MATH110,December_2012
http://www.math.ubc.ca/Ugrad/pastExams/Files/110_2013WT1_Sec003.pdf,MATH110,December_2013
http://www.math.ubc.ca/Ugrad/pastExams/Files/152_2009WT2.pdf,MATH152,April_2010
http://www.math.ubc.ca/Ugrad/pastExams/Files/152_2010WT2.pdf,MATH152,April_2011
http://www.math.ubc.ca/Ugrad/pastExams/Files/152_2011WT2.pdf,MATH152,April_2012
http://www.math.ubc.ca/Ugrad/pastExams/Files/152_2012WT2.pdf,MATH152,April_2013
http://www.math.ubc.ca/Ugrad/pastExams/Files/200_2011WT2.pdf,MATH200,April_2012
http://www.math.ubc.ca/Ugrad/pastExams/Files/200_2011WT1.pdf,MATH200,December_2011
http://www.math.ubc.ca/Ugrad/pastExams/Files/215+255_2012WT2.pdf,MATH215,April_2013
http://www.math.ubc.ca/Ugrad/pastExams/Files/215+255_2011WT1.pdf,MATH215,December_2011
http://www.math.ubc.ca/Ugrad/pastExams/Files/215+255_2013WT1.pdf,MATH215,December_2013
http://www.math.ubc.ca/Ugrad/pastExams/Files/220_2004WT2.pdf,MATH220,April_2005
http://www.math.ubc.ca/Ugrad/pastExams/Files/220_2010WT2.pdf,MATH220,April_2011
http://www.math.ubc.ca/Ugrad/pastExams/Files/220_2011WT1.pdf,MATH220,December_2011
http://www.math.ubc.ca/Ugrad/pastExams/Files/221_2008WT2.pdf,MATH221,April_2009
http://www.math.ubc.ca/Ugrad/pastExams/Files/221_2009WT2_sec201+203.pdf,MATH221,April_2010
http://www.math.ubc.ca/Ugrad/pastExams/Files/221_2012WT2.pdf,MATH221,April_2013
http://www.math.ubc.ca/Ugrad/pastExams/Files/221_2007WT1_sec101.pdf,MATH221,December_2007
http://www.math.ubc.ca/Ugrad/pastExams/Files/221_2008WT1.pdf,MATH221,December_2008
http://www.math.ubc.ca/Ugrad/pastExams/Files/221_2009WT1.pdf,MATH221,December_2009
http://www.math.ubc.ca/Ugrad/pastExams/Files/221_2011WT1.pdf,MATH221,December_2011
http://www.math.ubc.ca/Ugrad/pastExams/Files/257+316_2011WT1.pdf,MATH257,December_2011
http://www.math.ubc.ca/Ugrad/pastExams/Files/307_2005WT2.pdf,MATH307,April_2006
http://www.math.ubc.ca/Ugrad/pastExams/Files/307_2011WT2.pdf,MATH307,April_2012
http://www.math.ubc.ca/Ugrad/pastExams/Files/307_2012WT2_sec201.pdf,MATH307,April_2013
http://www.math.ubc.ca/Ugrad/pastExams/Files/307_2008WT1.pdf,MATH307,December_2008
http://www.math.ubc.ca/Ugrad/pastExams/Files/307_2010WT1.pdf,MATH307,December_2010
http://www.math.ubc.ca/Ugrad/pastExams/Files/307_2012WT1.pdf,MATH307,December_2012
http://www.math.ubc.ca/Ugrad/pastExams/Files/312_2005WT1.pdf,MATH312,December_2005
http://www.math.ubc.ca/Ugrad/pastExams/Files/312_2008WT1.pdf,MATH312,December_2008
http://www.math.ubc.ca/Ugrad/pastExams/Files/312_2009WT1.pdf,MATH312,December_2009
http://www.math.ubc.ca/Ugrad/pastExams/Files/312_2010WT1.pdf,MATH312,December_2010
http://www.math.ubc.ca/Ugrad/pastExams/Files/312_2012WT1.pdf,MATH312,December_2012
http://www.math.ubc.ca/Ugrad/pastExams/Files/312_2013WT1.pdf,MATH312,December_2013
http://www.math.ubc.ca/Ugrad/pastExams/Files/437+537_2006WT1.pdf,MATH437,December_2006
http://www.math.ubc.ca/Ugrad/pastExams/Files/437+537_2011WT1.pdf,MATH437,December_2011
